num_pools,num_channels,pool_type,pool_stride,skip_connections,avg_radius,sigma_back,epochs,IoU,path
1,2,max,2,1,20,2.5,150,0.9546084349155426,results/rad20_sig2.5_ch2_pools1_max_stride2_skip1_150E
2,2,max,2,1-1,20,2.5,150,0.9573218542337418,results/rad20_sig2.5_ch2_pools2_max_stride2_skip1-1_150E
3,2,max,2,1-1-1,20,2.5,150,0.9500790784358978,results/rad20_sig2.5_ch2_pools3_max_stride2_skip1-1-1_150E
4,2,max,2,1-1-1-1,20,2.5,150,0.9684874757528306,results/rad20_sig2.5_ch2_pools4_max_stride2_skip1-1-1-1_150E
5,2,max,2,1-1-1-1-1,20,2.5,150,0.9520387817621232,results/rad20_sig2.5_ch2_pools5_max_stride2_skip1-1-1-1-1_150E
1,4,max,2,1,20,2.5,150,0.94395617043972,results/rad20_sig2.5_ch4_pools1_max_stride2_skip1_150E
2,4,max,2,1-1,20,2.5,150,0.9632764843702316,results/rad20_sig2.5_ch4_pools2_max_stride2_skip1-1_150E
3,4,max,2,1-1-1,20,2.5,150,0.9754428547620771,results/rad20_sig2.5_ch4_pools3_max_stride2_skip1-1-1_150E
4,4,max,2,1-1-1-1,20,2.5,150,0.9711938481330872,results/rad20_sig2.5_ch4_pools4_max_stride2_skip1-1-1-1_150E
5,4,max,2,1-1-1-1-1,20,2.5,150,0.9460351020097733,results/rad20_sig2.5_ch4_pools5_max_stride2_skip1-1-1-1-1_150E
1,8,max,2,1,20,2.5,150,0.9679570051431656,results/rad20_sig2.5_ch8_pools1_max_stride2_skip1_150E
2,8,max,2,1-1,20,2.5,150,0.9802153590917588,results/rad20_sig2.5_ch8_pools2_max_stride2_skip1-1_150E
3,8,max,2,1-1-1,20,2.5,150,0.9779516818523406,results/rad20_sig2.5_ch8_pools3_max_stride2_skip1-1-1_150E
4,8,max,2,1-1-1-1,20,2.5,150,0.9672329394817352,results/rad20_sig2.5_ch8_pools4_max_stride2_skip1-1-1-1_150E
5,8,max,2,1-1-1-1-1,20,2.5,150,0.970573467373848,results/rad20_sig2.5_ch8_pools5_max_stride2_skip1-1-1-1-1_150E
1,16,max,2,1,20,2.5,150,0.977320381641388,results/rad20_sig2.5_ch16_pools1_max_stride2_skip1_150E
2,16,max,2,1-1,20,2.5,150,0.9851310920715332,results/rad20_sig2.5_ch16_pools2_max_stride2_skip1-1_150E
3,16,max,2,1-1-1,20,2.5,150,0.9764245035648348,results/rad20_sig2.5_ch16_pools3_max_stride2_skip1-1-1_150E
4,16,max,2,1-1-1-1,20,2.5,150,0.9779710969924926,results/rad20_sig2.5_ch16_pools4_max_stride2_skip1-1-1-1_150E
5,16,max,2,1-1-1-1-1,20,2.5,150,0.9720329879522324,results/rad20_sig2.5_ch16_pools5_max_stride2_skip1-1-1-1-1_150E
1,32,max,2,1,20,2.5,150,0.9841292575597764,results/rad20_sig2.5_ch32_pools1_max_stride2_skip1_150E
2,32,max,2,1-1,20,2.5,150,0.986559072971344,results/rad20_sig2.5_ch32_pools2_max_stride2_skip1-1_150E
3,32,max,2,1-1-1,20,2.5,150,0.98358149600029,results/rad20_sig2.5_ch32_pools3_max_stride2_skip1-1-1_150E
4,32,max,2,1-1-1-1,20,2.5,150,0.9784216272830965,results/rad20_sig2.5_ch32_pools4_max_stride2_skip1-1-1-1_150E
5,32,max,2,1-1-1-1-1,20,2.5,150,0.9804440900087356,results/rad20_sig2.5_ch32_pools5_max_stride2_skip1-1-1-1-1_150E
1,2,max,2,1,20,5.0,150,0.9423254679441452,results/rad20_sig5.0_ch2_pools1_max_stride2_skip1_150E
2,2,max,2,1-1,20,5.0,150,0.9264935141801834,results/rad20_sig5.0_ch2_pools2_max_stride2_skip1-1_150E
3,2,max,2,1-1-1,20,5.0,150,0.3667472991943359,results/rad20_sig5.0_ch2_pools3_max_stride2_skip1-1-1_150E
4,2,max,2,1-1-1-1,20,5.0,150,0.9701457884311676,results/rad20_sig5.0_ch2_pools4_max_stride2_skip1-1-1-1_150E
5,2,max,2,1-1-1-1-1,20,5.0,150,0.9455329158306122,results/rad20_sig5.0_ch2_pools5_max_stride2_skip1-1-1-1-1_150E
1,4,max,2,1,20,5.0,150,0.9674285894632338,results/rad20_sig5.0_ch4_pools1_max_stride2_skip1_150E
2,4,max,2,1-1,20,5.0,150,0.9668032026290894,results/rad20_sig5.0_ch4_pools2_max_stride2_skip1-1_150E
3,4,max,2,1-1-1,20,5.0,150,0.9666519511938094,results/rad20_sig5.0_ch4_pools3_max_stride2_skip1-1-1_150E
4,4,max,2,1-1-1-1,20,5.0,150,0.9725202445983888,results/rad20_sig5.0_ch4_pools4_max_stride2_skip1-1-1-1_150E
5,4,max,2,1-1-1-1-1,20,5.0,150,0.9641582181453704,results/rad20_sig5.0_ch4_pools5_max_stride2_skip1-1-1-1-1_150E
1,8,max,2,1,20,5.0,150,0.972613029718399,results/rad20_sig5.0_ch8_pools1_max_stride2_skip1_150E
2,8,max,2,1-1,20,5.0,150,0.9797423113584518,results/rad20_sig5.0_ch8_pools2_max_stride2_skip1-1_150E
3,8,max,2,1-1-1,20,5.0,150,0.981172354221344,results/rad20_sig5.0_ch8_pools3_max_stride2_skip1-1-1_150E
4,8,max,2,1-1-1-1,20,5.0,150,0.9748692960739136,results/rad20_sig5.0_ch8_pools4_max_stride2_skip1-1-1-1_150E
5,8,max,2,1-1-1-1-1,20,5.0,150,0.9781316388845444,results/rad20_sig5.0_ch8_pools5_max_stride2_skip1-1-1-1-1_150E
1,16,max,2,1,20,5.0,150,0.9829505058526992,results/rad20_sig5.0_ch16_pools1_max_stride2_skip1_150E
2,16,max,2,1-1,20,5.0,150,0.9831132321357728,results/rad20_sig5.0_ch16_pools2_max_stride2_skip1-1_150E
3,16,max,2,1-1-1,20,5.0,150,0.9813395575284958,results/rad20_sig5.0_ch16_pools3_max_stride2_skip1-1-1_150E
4,16,max,2,1-1-1-1,20,5.0,150,0.976932932972908,results/rad20_sig5.0_ch16_pools4_max_stride2_skip1-1-1-1_150E
5,16,max,2,1-1-1-1-1,20,5.0,150,0.977122943162918,results/rad20_sig5.0_ch16_pools5_max_stride2_skip1-1-1-1-1_150E
1,32,max,2,1,20,5.0,150,0.9865053075551986,results/rad20_sig5.0_ch32_pools1_max_stride2_skip1_150E
2,32,max,2,1-1,20,5.0,150,0.9829283483028411,results/rad20_sig5.0_ch32_pools2_max_stride2_skip1-1_150E
3,32,max,2,1-1-1,20,5.0,150,0.983666400194168,results/rad20_sig5.0_ch32_pools3_max_stride2_skip1-1-1_150E
4,32,max,2,1-1-1-1,20,5.0,150,0.9799432058334352,results/rad20_sig5.0_ch32_pools4_max_stride2_skip1-1-1-1_150E
5,32,max,2,1-1-1-1-1,20,5.0,150,0.9791187272071838,results/rad20_sig5.0_ch32_pools5_max_stride2_skip1-1-1-1-1_150E
1,2,max,2,1,20,7.5,150,0.962793063044548,results/rad20_sig7.5_ch2_pools1_max_stride2_skip1_150E
2,2,max,2,1-1,20,7.5,150,0.9358517318964004,results/rad20_sig7.5_ch2_pools2_max_stride2_skip1-1_150E
3,2,max,2,1-1-1,20,7.5,150,0.9709217765331268,results/rad20_sig7.5_ch2_pools3_max_stride2_skip1-1-1_150E
4,2,max,2,1-1-1-1,20,7.5,150,0.9654085932970048,results/rad20_sig7.5_ch2_pools4_max_stride2_skip1-1-1-1_150E
5,2,max,2,1-1-1-1-1,20,7.5,150,0.9411746493577956,results/rad20_sig7.5_ch2_pools5_max_stride2_skip1-1-1-1-1_150E
1,4,max,2,1,20,7.5,150,0.9668461195230484,results/rad20_sig7.5_ch4_pools1_max_stride2_skip1_150E
2,4,max,2,1-1,20,7.5,150,0.973263702750206,results/rad20_sig7.5_ch4_pools2_max_stride2_skip1-1_150E
3,4,max,2,1-1-1,20,7.5,150,0.9738984152078628,results/rad20_sig7.5_ch4_pools3_max_stride2_skip1-1-1_150E
4,4,max,2,1-1-1-1,20,7.5,150,0.9681891813278198,results/rad20_sig7.5_ch4_pools4_max_stride2_skip1-1-1-1_150E
5,4,max,2,1-1-1-1-1,20,7.5,150,0.963391481757164,results/rad20_sig7.5_ch4_pools5_max_stride2_skip1-1-1-1-1_150E
1,8,max,2,1,20,7.5,150,0.9760007266998292,results/rad20_sig7.5_ch8_pools1_max_stride2_skip1_150E
2,8,max,2,1-1,20,7.5,150,0.9803209409713745,results/rad20_sig7.5_ch8_pools2_max_stride2_skip1-1_150E
3,8,max,2,1-1-1,20,7.5,150,0.981982421875,results/rad20_sig7.5_ch8_pools3_max_stride2_skip1-1-1_150E
4,8,max,2,1-1-1-1,20,7.5,150,0.9767290271520614,results/rad20_sig7.5_ch8_pools4_max_stride2_skip1-1-1-1_150E
5,8,max,2,1-1-1-1-1,20,7.5,150,0.9703286235332488,results/rad20_sig7.5_ch8_pools5_max_stride2_skip1-1-1-1-1_150E
1,16,max,2,1,20,7.5,150,0.9836634355783462,results/rad20_sig7.5_ch16_pools1_max_stride2_skip1_150E
2,16,max,2,1-1,20,7.5,150,0.9863502639532088,results/rad20_sig7.5_ch16_pools2_max_stride2_skip1-1_150E
3,16,max,2,1-1-1,20,7.5,150,0.9831460975408556,results/rad20_sig7.5_ch16_pools3_max_stride2_skip1-1-1_150E
4,16,max,2,1-1-1-1,20,7.5,150,0.979425146341324,results/rad20_sig7.5_ch16_pools4_max_stride2_skip1-1-1-1_150E
5,16,max,2,1-1-1-1-1,20,7.5,150,0.9828697177171708,results/rad20_sig7.5_ch16_pools5_max_stride2_skip1-1-1-1-1_150E
1,32,max,2,1,20,7.5,150,0.9899855301380158,results/rad20_sig7.5_ch32_pools1_max_stride2_skip1_150E
2,32,max,2,1-1,20,7.5,150,0.9811943714618684,results/rad20_sig7.5_ch32_pools2_max_stride2_skip1-1_150E
3,32,max,2,1-1-1,20,7.5,150,0.9854875457286836,results/rad20_sig7.5_ch32_pools3_max_stride2_skip1-1-1_150E
4,32,max,2,1-1-1-1,20,7.5,150,0.9882808747291564,results/rad20_sig7.5_ch32_pools4_max_stride2_skip1-1-1-1_150E
5,32,max,2,1-1-1-1-1,20,7.5,150,0.9780377533435822,results/rad20_sig7.5_ch32_pools5_max_stride2_skip1-1-1-1-1_150E
1,2,max,2,1,20,10.0,150,0.3669364242553711,results/rad20_sig10.0_ch2_pools1_max_stride2_skip1_150E
2,2,max,2,1-1,20,10.0,150,0.9613414987325668,results/rad20_sig10.0_ch2_pools2_max_stride2_skip1-1_150E
3,2,max,2,1-1-1,20,10.0,150,0.9685186554193496,results/rad20_sig10.0_ch2_pools3_max_stride2_skip1-1-1_150E
4,2,max,2,1-1-1-1,20,10.0,150,0.9700143311023712,results/rad20_sig10.0_ch2_pools4_max_stride2_skip1-1-1-1_150E
5,2,max,2,1-1-1-1-1,20,10.0,150,0.9559868462085724,results/rad20_sig10.0_ch2_pools5_max_stride2_skip1-1-1-1-1_150E
1,4,max,2,1,20,10.0,150,0.9661221638917924,results/rad20_sig10.0_ch4_pools1_max_stride2_skip1_150E
2,4,max,2,1-1,20,10.0,150,0.9690726963281632,results/rad20_sig10.0_ch4_pools2_max_stride2_skip1-1_150E
3,4,max,2,1-1-1,20,10.0,150,0.9704821013212204,results/rad20_sig10.0_ch4_pools3_max_stride2_skip1-1-1_150E
4,4,max,2,1-1-1-1,20,10.0,150,0.9714966337680816,results/rad20_sig10.0_ch4_pools4_max_stride2_skip1-1-1-1_150E
5,4,max,2,1-1-1-1-1,20,10.0,150,0.9506874397993088,results/rad20_sig10.0_ch4_pools5_max_stride2_skip1-1-1-1-1_150E
1,8,max,2,1,20,10.0,150,0.9773418120145798,results/rad20_sig10.0_ch8_pools1_max_stride2_skip1_150E
2,8,max,2,1-1,20,10.0,150,0.9828542857170104,results/rad20_sig10.0_ch8_pools2_max_stride2_skip1-1_150E
3,8,max,2,1-1-1,20,10.0,150,0.9803050725460052,results/rad20_sig10.0_ch8_pools3_max_stride2_skip1-1-1_150E
4,8,max,2,1-1-1-1,20,10.0,150,0.9775166169404984,results/rad20_sig10.0_ch8_pools4_max_stride2_skip1-1-1-1_150E
5,8,max,2,1-1-1-1-1,20,10.0,150,0.9757341074943542,results/rad20_sig10.0_ch8_pools5_max_stride2_skip1-1-1-1-1_150E
1,16,max,2,1,20,10.0,150,0.9839006034135818,results/rad20_sig10.0_ch16_pools1_max_stride2_skip1_150E
2,16,max,2,1-1,20,10.0,150,0.9865410336256026,results/rad20_sig10.0_ch16_pools2_max_stride2_skip1-1_150E
3,16,max,2,1-1-1,20,10.0,150,0.9873602035045624,results/rad20_sig10.0_ch16_pools3_max_stride2_skip1-1-1_150E
4,16,max,2,1-1-1-1,20,10.0,150,0.978711480140686,results/rad20_sig10.0_ch16_pools4_max_stride2_skip1-1-1-1_150E
5,16,max,2,1-1-1-1-1,20,10.0,150,0.9771613618135452,results/rad20_sig10.0_ch16_pools5_max_stride2_skip1-1-1-1-1_150E
1,32,max,2,1,20,10.0,150,0.9833110446929932,results/rad20_sig10.0_ch32_pools1_max_stride2_skip1_150E
2,32,max,2,1-1,20,10.0,150,0.9869456202983856,results/rad20_sig10.0_ch32_pools2_max_stride2_skip1-1_150E
3,32,max,2,1-1-1,20,10.0,150,0.9906165581941604,results/rad20_sig10.0_ch32_pools3_max_stride2_skip1-1-1_150E
4,32,max,2,1-1-1-1,20,10.0,150,0.9826298884153366,results/rad20_sig10.0_ch32_pools4_max_stride2_skip1-1-1-1_150E
5,32,max,2,1-1-1-1-1,20,10.0,150,0.9757409063577652,results/rad20_sig10.0_ch32_pools5_max_stride2_skip1-1-1-1-1_150E
1,2,max,2,1,30,2.5,150,0.9603433394432068,results/rad30_sig2.5_ch2_pools1_max_stride2_skip1_150E
2,2,max,2,1-1,30,2.5,150,0.9692136503458024,results/rad30_sig2.5_ch2_pools2_max_stride2_skip1-1_150E
3,2,max,2,1-1-1,30,2.5,150,0.9705587807893754,results/rad30_sig2.5_ch2_pools3_max_stride2_skip1-1-1_150E
4,2,max,2,1-1-1-1,30,2.5,150,0.980394852757454,results/rad30_sig2.5_ch2_pools4_max_stride2_skip1-1-1-1_150E
5,2,max,2,1-1-1-1-1,30,2.5,150,0.6395211169719696,results/rad30_sig2.5_ch2_pools5_max_stride2_skip1-1-1-1-1_150E
1,4,max,2,1,30,2.5,150,0.9774643540382386,results/rad30_sig2.5_ch4_pools1_max_stride2_skip1_150E
2,4,max,2,1-1,30,2.5,150,0.9749191234111784,results/rad30_sig2.5_ch4_pools2_max_stride2_skip1-1_150E
3,4,max,2,1-1-1,30,2.5,150,0.9807345204353332,results/rad30_sig2.5_ch4_pools3_max_stride2_skip1-1-1_150E
4,4,max,2,1-1-1-1,30,2.5,150,0.9832503569126128,results/rad30_sig2.5_ch4_pools4_max_stride2_skip1-1-1-1_150E
5,4,max,2,1-1-1-1-1,30,2.5,150,0.9686873632669448,results/rad30_sig2.5_ch4_pools5_max_stride2_skip1-1-1-1-1_150E
1,8,max,2,1,30,2.5,150,0.9816339192390442,results/rad30_sig2.5_ch8_pools1_max_stride2_skip1_150E
2,8,max,2,1-1,30,2.5,150,0.9770288473367692,results/rad30_sig2.5_ch8_pools2_max_stride2_skip1-1_150E
3,8,max,2,1-1-1,30,2.5,150,0.9866793575286864,results/rad30_sig2.5_ch8_pools3_max_stride2_skip1-1-1_150E
4,8,max,2,1-1-1-1,30,2.5,150,0.9820969520807266,results/rad30_sig2.5_ch8_pools4_max_stride2_skip1-1-1-1_150E
5,8,max,2,1-1-1-1-1,30,2.5,150,0.9807014001607894,results/rad30_sig2.5_ch8_pools5_max_stride2_skip1-1-1-1-1_150E
1,16,max,2,1,30,2.5,150,0.9841435145139694,results/rad30_sig2.5_ch16_pools1_max_stride2_skip1_150E
2,16,max,2,1-1,30,2.5,150,0.9883246570825576,results/rad30_sig2.5_ch16_pools2_max_stride2_skip1-1_150E
3,16,max,2,1-1-1,30,2.5,150,0.9816873788833618,results/rad30_sig2.5_ch16_pools3_max_stride2_skip1-1-1_150E
4,16,max,2,1-1-1-1,30,2.5,150,0.9834057075977326,results/rad30_sig2.5_ch16_pools4_max_stride2_skip1-1-1-1_150E
5,16,max,2,1-1-1-1-1,30,2.5,150,0.984365589737892,results/rad30_sig2.5_ch16_pools5_max_stride2_skip1-1-1-1-1_150E
1,32,max,2,1,30,2.5,150,0.9894932026863098,results/rad30_sig2.5_ch32_pools1_max_stride2_skip1_150E
2,32,max,2,1-1,30,2.5,150,0.9870120697021484,results/rad30_sig2.5_ch32_pools2_max_stride2_skip1-1_150E
3,32,max,2,1-1-1,30,2.5,150,0.9906992310285568,results/rad30_sig2.5_ch32_pools3_max_stride2_skip1-1-1_150E
4,32,max,2,1-1-1-1,30,2.5,150,0.9888093305826188,results/rad30_sig2.5_ch32_pools4_max_stride2_skip1-1-1-1_150E
5,32,max,2,1-1-1-1-1,30,2.5,150,0.9880788024663923,results/rad30_sig2.5_ch32_pools5_max_stride2_skip1-1-1-1-1_150E
1,2,max,2,1,30,5.0,150,0.9728215104341508,results/rad30_sig5.0_ch2_pools1_max_stride2_skip1_150E
2,2,max,2,1-1,30,5.0,150,0.3622108840942383,results/rad30_sig5.0_ch2_pools2_max_stride2_skip1-1_150E
3,2,max,2,1-1-1,30,5.0,150,0.9802024879455566,results/rad30_sig5.0_ch2_pools3_max_stride2_skip1-1-1_150E
4,2,max,2,1-1-1-1,30,5.0,150,0.3622108840942383,results/rad30_sig5.0_ch2_pools4_max_stride2_skip1-1-1-1_150E
5,2,max,2,1-1-1-1-1,30,5.0,150,0.9614205768108368,results/rad30_sig5.0_ch2_pools5_max_stride2_skip1-1-1-1-1_150E
1,4,max,2,1,30,5.0,150,0.9780126216411592,results/rad30_sig5.0_ch4_pools1_max_stride2_skip1_150E
2,4,max,2,1-1,30,5.0,150,0.9761715022325516,results/rad30_sig5.0_ch4_pools2_max_stride2_skip1-1_150E
3,4,max,2,1-1-1,30,5.0,150,0.983816600561142,results/rad30_sig5.0_ch4_pools3_max_stride2_skip1-1-1_150E
4,4,max,2,1-1-1-1,30,5.0,150,0.9774469963312148,results/rad30_sig5.0_ch4_pools4_max_stride2_skip1-1-1-1_150E
5,4,max,2,1-1-1-1-1,30,5.0,150,0.9776993249654772,results/rad30_sig5.0_ch4_pools5_max_stride2_skip1-1-1-1-1_150E
1,8,max,2,1,30,5.0,150,0.9776466785669328,results/rad30_sig5.0_ch8_pools1_max_stride2_skip1_150E
2,8,max,2,1-1,30,5.0,150,0.9837818771600724,results/rad30_sig5.0_ch8_pools2_max_stride2_skip1-1_150E
3,8,max,2,1-1-1,30,5.0,150,0.986467744588852,results/rad30_sig5.0_ch8_pools3_max_stride2_skip1-1-1_150E
4,8,max,2,1-1-1-1,30,5.0,150,0.9865431216955184,results/rad30_sig5.0_ch8_pools4_max_stride2_skip1-1-1-1_150E
5,8,max,2,1-1-1-1-1,30,5.0,150,0.9791789362430572,results/rad30_sig5.0_ch8_pools5_max_stride2_skip1-1-1-1-1_150E
1,16,max,2,1,30,5.0,150,0.9874441241025924,results/rad30_sig5.0_ch16_pools1_max_stride2_skip1_150E
2,16,max,2,1-1,30,5.0,150,0.9875033895969392,results/rad30_sig5.0_ch16_pools2_max_stride2_skip1-1_150E
3,16,max,2,1-1-1,30,5.0,150,0.9894122549295424,results/rad30_sig5.0_ch16_pools3_max_stride2_skip1-1-1_150E
4,16,max,2,1-1-1-1,30,5.0,150,0.989660575389862,results/rad30_sig5.0_ch16_pools4_max_stride2_skip1-1-1-1_150E
5,16,max,2,1-1-1-1-1,30,5.0,150,0.9847695593833924,results/rad30_sig5.0_ch16_pools5_max_stride2_skip1-1-1-1-1_150E
1,32,max,2,1,30,5.0,150,0.9922109135389328,results/rad30_sig5.0_ch32_pools1_max_stride2_skip1_150E
2,32,max,2,1-1,30,5.0,150,0.990508358478546,results/rad30_sig5.0_ch32_pools2_max_stride2_skip1-1_150E
3,32,max,2,1-1-1,30,5.0,150,0.9898490915298462,results/rad30_sig5.0_ch32_pools3_max_stride2_skip1-1-1_150E
4,32,max,2,1-1-1-1,30,5.0,150,0.9898291701078414,results/rad30_sig5.0_ch32_pools4_max_stride2_skip1-1-1-1_150E
5,32,max,2,1-1-1-1-1,30,5.0,150,0.9910353450775148,results/rad30_sig5.0_ch32_pools5_max_stride2_skip1-1-1-1-1_150E
1,2,max,2,1,30,7.5,150,0.9790538400411606,results/rad30_sig7.5_ch2_pools1_max_stride2_skip1_150E
2,2,max,2,1-1,30,7.5,150,0.9725514444112778,results/rad30_sig7.5_ch2_pools2_max_stride2_skip1-1_150E
3,2,max,2,1-1-1,30,7.5,150,0.9785682134628296,results/rad30_sig7.5_ch2_pools3_max_stride2_skip1-1-1_150E
4,2,max,2,1-1-1-1,30,7.5,150,0.9828908503055572,results/rad30_sig7.5_ch2_pools4_max_stride2_skip1-1-1-1_150E
5,2,max,2,1-1-1-1-1,30,7.5,150,0.957887297153473,results/rad30_sig7.5_ch2_pools5_max_stride2_skip1-1-1-1-1_150E
1,4,max,2,1,30,7.5,150,0.9797812016010286,results/rad30_sig7.5_ch4_pools1_max_stride2_skip1_150E
2,4,max,2,1-1,30,7.5,150,0.9787698734998702,results/rad30_sig7.5_ch4_pools2_max_stride2_skip1-1_150E
3,4,max,2,1-1-1,30,7.5,150,0.9808981711864472,results/rad30_sig7.5_ch4_pools3_max_stride2_skip1-1-1_150E
4,4,max,2,1-1-1-1,30,7.5,150,0.9789630414247512,results/rad30_sig7.5_ch4_pools4_max_stride2_skip1-1-1-1_150E
5,4,max,2,1-1-1-1-1,30,7.5,150,0.976877495408058,results/rad30_sig7.5_ch4_pools5_max_stride2_skip1-1-1-1-1_150E
1,8,max,2,1,30,7.5,150,0.9826767545938492,results/rad30_sig7.5_ch8_pools1_max_stride2_skip1_150E
2,8,max,2,1-1,30,7.5,150,0.9820858783721924,results/rad30_sig7.5_ch8_pools2_max_stride2_skip1-1_150E
3,8,max,2,1-1-1,30,7.5,150,0.9839643762111664,results/rad30_sig7.5_ch8_pools3_max_stride2_skip1-1-1_150E
4,8,max,2,1-1-1-1,30,7.5,150,0.9873456609249114,results/rad30_sig7.5_ch8_pools4_max_stride2_skip1-1-1-1_150E
5,8,max,2,1-1-1-1-1,30,7.5,150,0.9839284138679504,results/rad30_sig7.5_ch8_pools5_max_stride2_skip1-1-1-1-1_150E
1,16,max,2,1,30,7.5,150,0.9828032128810884,results/rad30_sig7.5_ch16_pools1_max_stride2_skip1_150E
2,16,max,2,1-1,30,7.5,150,0.988805159687996,results/rad30_sig7.5_ch16_pools2_max_stride2_skip1-1_150E
3,16,max,2,1-1-1,30,7.5,150,0.9870045382976532,results/rad30_sig7.5_ch16_pools3_max_stride2_skip1-1-1_150E
4,16,max,2,1-1-1-1,30,7.5,150,0.9866078897714614,results/rad30_sig7.5_ch16_pools4_max_stride2_skip1-1-1-1_150E
5,16,max,2,1-1-1-1-1,30,7.5,150,0.988879460811615,results/rad30_sig7.5_ch16_pools5_max_stride2_skip1-1-1-1-1_150E
1,32,max,2,1,30,7.5,150,0.9905747573375702,results/rad30_sig7.5_ch32_pools1_max_stride2_skip1_150E
2,32,max,2,1-1,30,7.5,150,0.994352039337158,results/rad30_sig7.5_ch32_pools2_max_stride2_skip1-1_150E
3,32,max,2,1-1-1,30,7.5,150,0.98786213350296,results/rad30_sig7.5_ch32_pools3_max_stride2_skip1-1-1_150E
4,32,max,2,1-1-1-1,30,7.5,150,0.9899226050376893,results/rad30_sig7.5_ch32_pools4_max_stride2_skip1-1-1-1_150E
5,32,max,2,1-1-1-1-1,30,7.5,150,0.9810568019151688,results/rad30_sig7.5_ch32_pools5_max_stride2_skip1-1-1-1-1_150E
1,2,max,2,1,30,10.0,150,0.972530463218689,results/rad30_sig10.0_ch2_pools1_max_stride2_skip1_150E
2,2,max,2,1-1,30,10.0,150,0.9775521731376648,results/rad30_sig10.0_ch2_pools2_max_stride2_skip1-1_150E
3,2,max,2,1-1-1,30,10.0,150,0.9775202233791352,results/rad30_sig10.0_ch2_pools3_max_stride2_skip1-1-1_150E
4,2,max,2,1-1-1-1,30,10.0,150,0.978489429473877,results/rad30_sig10.0_ch2_pools4_max_stride2_skip1-1-1-1_150E
5,2,max,2,1-1-1-1-1,30,10.0,150,0.9770556954145432,results/rad30_sig10.0_ch2_pools5_max_stride2_skip1-1-1-1-1_150E
1,4,max,2,1,30,10.0,150,0.9778299874067304,results/rad30_sig10.0_ch4_pools1_max_stride2_skip1_150E
2,4,max,2,1-1,30,10.0,150,0.9782726485729216,results/rad30_sig10.0_ch4_pools2_max_stride2_skip1-1_150E
3,4,max,2,1-1-1,30,10.0,150,0.9796127601861953,results/rad30_sig10.0_ch4_pools3_max_stride2_skip1-1-1_150E
4,4,max,2,1-1-1-1,30,10.0,150,0.9830734511613846,results/rad30_sig10.0_ch4_pools4_max_stride2_skip1-1-1-1_150E
5,4,max,2,1-1-1-1-1,30,10.0,150,0.972724014520645,results/rad30_sig10.0_ch4_pools5_max_stride2_skip1-1-1-1-1_150E
1,8,max,2,1,30,10.0,150,0.9836646221876144,results/rad30_sig10.0_ch8_pools1_max_stride2_skip1_150E
2,8,max,2,1-1,30,10.0,150,0.9869189964532852,results/rad30_sig10.0_ch8_pools2_max_stride2_skip1-1_150E
3,8,max,2,1-1-1,30,10.0,150,0.9862081620693206,results/rad30_sig10.0_ch8_pools3_max_stride2_skip1-1-1_150E
4,8,max,2,1-1-1-1,30,10.0,150,0.9852229126691818,results/rad30_sig10.0_ch8_pools4_max_stride2_skip1-1-1-1_150E
5,8,max,2,1-1-1-1-1,30,10.0,150,0.9816774055957794,results/rad30_sig10.0_ch8_pools5_max_stride2_skip1-1-1-1-1_150E
1,16,max,2,1,30,10.0,150,0.985695760846138,results/rad30_sig10.0_ch16_pools1_max_stride2_skip1_150E
2,16,max,2,1-1,30,10.0,150,0.9867665667533876,results/rad30_sig10.0_ch16_pools2_max_stride2_skip1-1_150E
3,16,max,2,1-1-1,30,10.0,150,0.98701808822155,results/rad30_sig10.0_ch16_pools3_max_stride2_skip1-1-1_150E
4,16,max,2,1-1-1-1,30,10.0,150,0.9890327343940736,results/rad30_sig10.0_ch16_pools4_max_stride2_skip1-1-1-1_150E
5,16,max,2,1-1-1-1-1,30,10.0,150,0.987108457326889,results/rad30_sig10.0_ch16_pools5_max_stride2_skip1-1-1-1-1_150E
1,32,max,2,1,30,10.0,150,0.9924440087080002,results/rad30_sig10.0_ch32_pools1_max_stride2_skip1_150E
2,32,max,2,1-1,30,10.0,150,0.9910846391916276,results/rad30_sig10.0_ch32_pools2_max_stride2_skip1-1_150E
3,32,max,2,1-1-1,30,10.0,150,0.9915305562019348,results/rad30_sig10.0_ch32_pools3_max_stride2_skip1-1-1_150E
4,32,max,2,1-1-1-1,30,10.0,150,0.9918335562944413,results/rad30_sig10.0_ch32_pools4_max_stride2_skip1-1-1-1_150E
5,32,max,2,1-1-1-1-1,30,10.0,150,0.9821541640758514,results/rad30_sig10.0_ch32_pools5_max_stride2_skip1-1-1-1-1_150E
1,2,max,2,1,40,2.5,150,0.9734733424186706,results/rad40_sig2.5_ch2_pools1_max_stride2_skip1_150E
2,2,max,2,1-1,40,2.5,150,0.9751605327129363,results/rad40_sig2.5_ch2_pools2_max_stride2_skip1-1_150E
3,2,max,2,1-1-1,40,2.5,150,0.974313411474228,results/rad40_sig2.5_ch2_pools3_max_stride2_skip1-1-1_150E
4,2,max,2,1-1-1-1,40,2.5,150,0.9828630979061126,results/rad40_sig2.5_ch2_pools4_max_stride2_skip1-1-1-1_150E
5,2,max,2,1-1-1-1-1,40,2.5,150,0.9821153416633606,results/rad40_sig2.5_ch2_pools5_max_stride2_skip1-1-1-1-1_150E
1,4,max,2,1,40,2.5,150,0.9855146149396896,results/rad40_sig2.5_ch4_pools1_max_stride2_skip1_150E
2,4,max,2,1-1,40,2.5,150,0.972448657631874,results/rad40_sig2.5_ch4_pools2_max_stride2_skip1-1_150E
3,4,max,2,1-1-1,40,2.5,150,0.9843690166473388,results/rad40_sig2.5_ch4_pools3_max_stride2_skip1-1-1_150E
4,4,max,2,1-1-1-1,40,2.5,150,0.9846867719888688,results/rad40_sig2.5_ch4_pools4_max_stride2_skip1-1-1-1_150E
5,4,max,2,1-1-1-1-1,40,2.5,150,0.9751286430358886,results/rad40_sig2.5_ch4_pools5_max_stride2_skip1-1-1-1-1_150E
1,8,max,2,1,40,2.5,150,0.982199174284935,results/rad40_sig2.5_ch8_pools1_max_stride2_skip1_150E
2,8,max,2,1-1,40,2.5,150,0.9889223498106002,results/rad40_sig2.5_ch8_pools2_max_stride2_skip1-1_150E
3,8,max,2,1-1-1,40,2.5,150,0.987382364153862,results/rad40_sig2.5_ch8_pools3_max_stride2_skip1-1-1_150E
4,8,max,2,1-1-1-1,40,2.5,150,0.9829612057209016,results/rad40_sig2.5_ch8_pools4_max_stride2_skip1-1-1-1_150E
5,8,max,2,1-1-1-1-1,40,2.5,150,0.9834287478923798,results/rad40_sig2.5_ch8_pools5_max_stride2_skip1-1-1-1-1_150E
1,16,max,2,1,40,2.5,150,0.9888643444776536,results/rad40_sig2.5_ch16_pools1_max_stride2_skip1_150E
2,16,max,2,1-1,40,2.5,150,0.9868599275350572,results/rad40_sig2.5_ch16_pools2_max_stride2_skip1-1_150E
3,16,max,2,1-1-1,40,2.5,150,0.9913029862642287,results/rad40_sig2.5_ch16_pools3_max_stride2_skip1-1-1_150E
4,16,max,2,1-1-1-1,40,2.5,150,0.9876449855566024,results/rad40_sig2.5_ch16_pools4_max_stride2_skip1-1-1-1_150E
5,16,max,2,1-1-1-1-1,40,2.5,150,0.9889246696233748,results/rad40_sig2.5_ch16_pools5_max_stride2_skip1-1-1-1-1_150E
1,32,max,2,1,40,2.5,150,0.991975292801857,results/rad40_sig2.5_ch32_pools1_max_stride2_skip1_150E
2,32,max,2,1-1,40,2.5,150,0.9931355541944504,results/rad40_sig2.5_ch32_pools2_max_stride2_skip1-1_150E
3,32,max,2,1-1-1,40,2.5,150,0.9935099544525148,results/rad40_sig2.5_ch32_pools3_max_stride2_skip1-1-1_150E
4,32,max,2,1-1-1-1,40,2.5,150,0.9910038677453994,results/rad40_sig2.5_ch32_pools4_max_stride2_skip1-1-1-1_150E
5,32,max,2,1-1-1-1-1,40,2.5,150,0.9943336493968964,results/rad40_sig2.5_ch32_pools5_max_stride2_skip1-1-1-1-1_150E
1,2,max,2,1,40,5.0,150,0.982905344605446,results/rad40_sig5.0_ch2_pools1_max_stride2_skip1_150E
2,2,max,2,1-1,40,5.0,150,0.9801631642580032,results/rad40_sig5.0_ch2_pools2_max_stride2_skip1-1_150E
3,2,max,2,1-1-1,40,5.0,150,0.3605132217407226,results/rad40_sig5.0_ch2_pools3_max_stride2_skip1-1-1_150E
4,2,max,2,1-1-1-1,40,5.0,150,0.9878605959415436,results/rad40_sig5.0_ch2_pools4_max_stride2_skip1-1-1-1_150E
5,2,max,2,1-1-1-1-1,40,5.0,150,0.9837274478673936,results/rad40_sig5.0_ch2_pools5_max_stride2_skip1-1-1-1-1_150E
1,4,max,2,1,40,5.0,150,0.981603771686554,results/rad40_sig5.0_ch4_pools1_max_stride2_skip1_150E
2,4,max,2,1-1,40,5.0,150,0.9853918815851213,results/rad40_sig5.0_ch4_pools2_max_stride2_skip1-1_150E
3,4,max,2,1-1-1,40,5.0,150,0.9752177925109864,results/rad40_sig5.0_ch4_pools3_max_stride2_skip1-1-1_150E
4,4,max,2,1-1-1-1,40,5.0,150,0.9848832693099976,results/rad40_sig5.0_ch4_pools4_max_stride2_skip1-1-1-1_150E
5,4,max,2,1-1-1-1-1,40,5.0,150,0.984241956949234,results/rad40_sig5.0_ch4_pools5_max_stride2_skip1-1-1-1-1_150E
1,8,max,2,1,40,5.0,150,0.9856228007078172,results/rad40_sig5.0_ch8_pools1_max_stride2_skip1_150E
2,8,max,2,1-1,40,5.0,150,0.986716818332672,results/rad40_sig5.0_ch8_pools2_max_stride2_skip1-1_150E
3,8,max,2,1-1-1,40,5.0,150,0.9876690766811372,results/rad40_sig5.0_ch8_pools3_max_stride2_skip1-1-1_150E
4,8,max,2,1-1-1-1,40,5.0,150,0.989621015071869,results/rad40_sig5.0_ch8_pools4_max_stride2_skip1-1-1-1_150E
5,8,max,2,1-1-1-1-1,40,5.0,150,0.9878344563245772,results/rad40_sig5.0_ch8_pools5_max_stride2_skip1-1-1-1-1_150E
1,16,max,2,1,40,5.0,150,0.9888192813396456,results/rad40_sig5.0_ch16_pools1_max_stride2_skip1_150E
2,16,max,2,1-1,40,5.0,150,0.989748320698738,results/rad40_sig5.0_ch16_pools2_max_stride2_skip1-1_150E
3,16,max,2,1-1-1,40,5.0,150,0.9919070664644244,results/rad40_sig5.0_ch16_pools3_max_stride2_skip1-1-1_150E
4,16,max,2,1-1-1-1,40,5.0,150,0.990495695710182,results/rad40_sig5.0_ch16_pools4_max_stride2_skip1-1-1-1_150E
5,16,max,2,1-1-1-1-1,40,5.0,150,0.9868144227266312,results/rad40_sig5.0_ch16_pools5_max_stride2_skip1-1-1-1-1_150E
1,32,max,2,1,40,5.0,150,0.9928105095624924,results/rad40_sig5.0_ch32_pools1_max_stride2_skip1_150E
2,32,max,2,1-1,40,5.0,150,0.993610460996628,results/rad40_sig5.0_ch32_pools2_max_stride2_skip1-1_150E
3,32,max,2,1-1-1,40,5.0,150,0.9938302631378174,results/rad40_sig5.0_ch32_pools3_max_stride2_skip1-1-1_150E
4,32,max,2,1-1-1-1,40,5.0,150,0.9900758459568024,results/rad40_sig5.0_ch32_pools4_max_stride2_skip1-1-1-1_150E
5,32,max,2,1-1-1-1-1,40,5.0,150,0.9923121247291564,results/rad40_sig5.0_ch32_pools5_max_stride2_skip1-1-1-1-1_150E
1,2,max,2,1,40,7.5,150,0.9846875829696656,results/rad40_sig7.5_ch2_pools1_max_stride2_skip1_150E
2,2,max,2,1-1,40,7.5,150,0.9820177689790726,results/rad40_sig7.5_ch2_pools2_max_stride2_skip1-1_150E
3,2,max,2,1-1-1,40,7.5,150,0.974742049574852,results/rad40_sig7.5_ch2_pools3_max_stride2_skip1-1-1_150E
4,2,max,2,1-1-1-1,40,7.5,150,0.9828383207321169,results/rad40_sig7.5_ch2_pools4_max_stride2_skip1-1-1-1_150E
5,2,max,2,1-1-1-1-1,40,7.5,150,0.9766406278610228,results/rad40_sig7.5_ch2_pools5_max_stride2_skip1-1-1-1-1_150E
1,4,max,2,1,40,7.5,150,0.9842070933580398,results/rad40_sig7.5_ch4_pools1_max_stride2_skip1_150E
2,4,max,2,1-1,40,7.5,150,0.9795978152751924,results/rad40_sig7.5_ch4_pools2_max_stride2_skip1-1_150E
3,4,max,2,1-1-1,40,7.5,150,0.9886713255643844,results/rad40_sig7.5_ch4_pools3_max_stride2_skip1-1-1_150E
4,4,max,2,1-1-1-1,40,7.5,150,0.9823253306150436,results/rad40_sig7.5_ch4_pools4_max_stride2_skip1-1-1-1_150E
5,4,max,2,1-1-1-1-1,40,7.5,150,0.9864923865795135,results/rad40_sig7.5_ch4_pools5_max_stride2_skip1-1-1-1-1_150E
1,8,max,2,1,40,7.5,150,0.9864528210163116,results/rad40_sig7.5_ch8_pools1_max_stride2_skip1_150E
2,8,max,2,1-1,40,7.5,150,0.9888065655231476,results/rad40_sig7.5_ch8_pools2_max_stride2_skip1-1_150E
3,8,max,2,1-1-1,40,7.5,150,0.9892200181484222,results/rad40_sig7.5_ch8_pools3_max_stride2_skip1-1-1_150E
4,8,max,2,1-1-1-1,40,7.5,150,0.989615405201912,results/rad40_sig7.5_ch8_pools4_max_stride2_skip1-1-1-1_150E
5,8,max,2,1-1-1-1-1,40,7.5,150,0.9832581511735916,results/rad40_sig7.5_ch8_pools5_max_stride2_skip1-1-1-1-1_150E
1,16,max,2,1,40,7.5,150,0.9895192112922668,results/rad40_sig7.5_ch16_pools1_max_stride2_skip1_150E
2,16,max,2,1-1,40,7.5,150,0.9890922061204912,results/rad40_sig7.5_ch16_pools2_max_stride2_skip1-1_150E
3,16,max,2,1-1-1,40,7.5,150,0.9911222234964372,results/rad40_sig7.5_ch16_pools3_max_stride2_skip1-1-1_150E
4,16,max,2,1-1-1-1,40,7.5,150,0.9901506198644638,results/rad40_sig7.5_ch16_pools4_max_stride2_skip1-1-1-1_150E
5,16,max,2,1-1-1-1-1,40,7.5,150,0.9904890359640122,results/rad40_sig7.5_ch16_pools5_max_stride2_skip1-1-1-1-1_150E
1,32,max,2,1,40,7.5,150,0.9918590224981308,results/rad40_sig7.5_ch32_pools1_max_stride2_skip1_150E
2,32,max,2,1-1,40,7.5,150,0.9920704457759856,results/rad40_sig7.5_ch32_pools2_max_stride2_skip1-1_150E
3,32,max,2,1-1-1,40,7.5,150,0.9936604676246644,results/rad40_sig7.5_ch32_pools3_max_stride2_skip1-1-1_150E
4,32,max,2,1-1-1-1,40,7.5,150,0.9902342164516448,results/rad40_sig7.5_ch32_pools4_max_stride2_skip1-1-1-1_150E
5,32,max,2,1-1-1-1-1,40,7.5,150,0.990714108467102,results/rad40_sig7.5_ch32_pools5_max_stride2_skip1-1-1-1-1_150E
1,2,max,2,1,40,10.0,150,0.3602488174438476,results/rad40_sig10.0_ch2_pools1_max_stride2_skip1_150E
2,2,max,2,1-1,40,10.0,150,0.9760384447574616,results/rad40_sig10.0_ch2_pools2_max_stride2_skip1-1_150E
3,2,max,2,1-1-1,40,10.0,150,0.9835303007364272,results/rad40_sig10.0_ch2_pools3_max_stride2_skip1-1-1_150E
4,2,max,2,1-1-1-1,40,10.0,150,0.9839958208799362,results/rad40_sig10.0_ch2_pools4_max_stride2_skip1-1-1-1_150E
5,2,max,2,1-1-1-1-1,40,10.0,150,0.9758795607089996,results/rad40_sig10.0_ch2_pools5_max_stride2_skip1-1-1-1-1_150E
1,4,max,2,1,40,10.0,150,0.9544190497398376,results/rad40_sig10.0_ch4_pools1_max_stride2_skip1_150E
2,4,max,2,1-1,40,10.0,150,0.981504777431488,results/rad40_sig10.0_ch4_pools2_max_stride2_skip1-1_150E
3,4,max,2,1-1-1,40,10.0,150,0.987751222372055,results/rad40_sig10.0_ch4_pools3_max_stride2_skip1-1-1_150E
4,4,max,2,1-1-1-1,40,10.0,150,0.9853387306928634,results/rad40_sig10.0_ch4_pools4_max_stride2_skip1-1-1-1_150E
5,4,max,2,1-1-1-1-1,40,10.0,150,0.9842213859558104,results/rad40_sig10.0_ch4_pools5_max_stride2_skip1-1-1-1-1_150E
1,8,max,2,1,40,10.0,150,0.984993844270706,results/rad40_sig10.0_ch8_pools1_max_stride2_skip1_150E
2,8,max,2,1-1,40,10.0,150,0.98643523812294,results/rad40_sig10.0_ch8_pools2_max_stride2_skip1-1_150E
3,8,max,2,1-1-1,40,10.0,150,0.9903927978277208,results/rad40_sig10.0_ch8_pools3_max_stride2_skip1-1-1_150E
4,8,max,2,1-1-1-1,40,10.0,150,0.9887062603235244,results/rad40_sig10.0_ch8_pools4_max_stride2_skip1-1-1-1_150E
5,8,max,2,1-1-1-1-1,40,10.0,150,0.9834659949541092,results/rad40_sig10.0_ch8_pools5_max_stride2_skip1-1-1-1-1_150E
1,16,max,2,1,40,10.0,150,0.989697275519371,results/rad40_sig10.0_ch16_pools1_max_stride2_skip1_150E
2,16,max,2,1-1,40,10.0,150,0.9919918240308762,results/rad40_sig10.0_ch16_pools2_max_stride2_skip1-1_150E
3,16,max,2,1-1-1,40,10.0,150,0.991171197772026,results/rad40_sig10.0_ch16_pools3_max_stride2_skip1-1-1_150E
4,16,max,2,1-1-1-1,40,10.0,150,0.9906911453008652,results/rad40_sig10.0_ch16_pools4_max_stride2_skip1-1-1-1_150E
5,16,max,2,1-1-1-1-1,40,10.0,150,0.9881012995243073,results/rad40_sig10.0_ch16_pools5_max_stride2_skip1-1-1-1-1_150E
1,32,max,2,1,40,10.0,150,0.9921886097192764,results/rad40_sig10.0_ch32_pools1_max_stride2_skip1_150E
2,32,max,2,1-1,40,10.0,150,0.9938792420625686,results/rad40_sig10.0_ch32_pools2_max_stride2_skip1-1_150E
3,32,max,2,1-1-1,40,10.0,150,0.9936316337585448,results/rad40_sig10.0_ch32_pools3_max_stride2_skip1-1-1_150E
4,32,max,2,1-1-1-1,40,10.0,150,0.9909223115444185,results/rad40_sig10.0_ch32_pools4_max_stride2_skip1-1-1-1_150E
5,32,max,2,1-1-1-1-1,40,10.0,150,0.9888655883073808,results/rad40_sig10.0_ch32_pools5_max_stride2_skip1-1-1-1-1_150E
1,2,max,2,1,50,2.5,150,0.9855081820487976,results/rad50_sig2.5_ch2_pools1_max_stride2_skip1_150E
2,2,max,2,1-1,50,2.5,150,0.9826536152362824,results/rad50_sig2.5_ch2_pools2_max_stride2_skip1-1_150E
3,2,max,2,1-1-1,50,2.5,150,0.3527439880371094,results/rad50_sig2.5_ch2_pools3_max_stride2_skip1-1-1_150E
4,2,max,2,1-1-1-1,50,2.5,150,0.3527439880371094,results/rad50_sig2.5_ch2_pools4_max_stride2_skip1-1-1-1_150E
5,2,max,2,1-1-1-1-1,50,2.5,150,0.9840467207431792,results/rad50_sig2.5_ch2_pools5_max_stride2_skip1-1-1-1-1_150E
1,4,max,2,1,50,2.5,150,0.9823606579303742,results/rad50_sig2.5_ch4_pools1_max_stride2_skip1_150E
2,4,max,2,1-1,50,2.5,150,0.9855740554332733,results/rad50_sig2.5_ch4_pools2_max_stride2_skip1-1_150E
3,4,max,2,1-1-1,50,2.5,150,0.9842254556417463,results/rad50_sig2.5_ch4_pools3_max_stride2_skip1-1-1_150E
4,4,max,2,1-1-1-1,50,2.5,150,0.9872944755554198,results/rad50_sig2.5_ch4_pools4_max_stride2_skip1-1-1-1_150E
5,4,max,2,1-1-1-1-1,50,2.5,150,0.9825047775506972,results/rad50_sig2.5_ch4_pools5_max_stride2_skip1-1-1-1-1_150E
1,8,max,2,1,50,2.5,150,0.9863489055633544,results/rad50_sig2.5_ch8_pools1_max_stride2_skip1_150E
2,8,max,2,1-1,50,2.5,150,0.9895462375879288,results/rad50_sig2.5_ch8_pools2_max_stride2_skip1-1_150E
3,8,max,2,1-1-1,50,2.5,150,0.9870385700464248,results/rad50_sig2.5_ch8_pools3_max_stride2_skip1-1-1_150E
4,8,max,2,1-1-1-1,50,2.5,150,0.9882133466005324,results/rad50_sig2.5_ch8_pools4_max_stride2_skip1-1-1-1_150E
5,8,max,2,1-1-1-1-1,50,2.5,150,0.9855096074342728,results/rad50_sig2.5_ch8_pools5_max_stride2_skip1-1-1-1-1_150E
1,16,max,2,1,50,2.5,150,0.9904122556447984,results/rad50_sig2.5_ch16_pools1_max_stride2_skip1_150E
2,16,max,2,1-1,50,2.5,150,0.9911360367536544,results/rad50_sig2.5_ch16_pools2_max_stride2_skip1-1_150E
3,16,max,2,1-1-1,50,2.5,150,0.9928802444934844,results/rad50_sig2.5_ch16_pools3_max_stride2_skip1-1-1_150E
4,16,max,2,1-1-1-1,50,2.5,150,0.9909100090265274,results/rad50_sig2.5_ch16_pools4_max_stride2_skip1-1-1-1_150E
5,16,max,2,1-1-1-1-1,50,2.5,150,0.9915122306346892,results/rad50_sig2.5_ch16_pools5_max_stride2_skip1-1-1-1-1_150E
1,32,max,2,1,50,2.5,150,0.9938399982452392,results/rad50_sig2.5_ch32_pools1_max_stride2_skip1_150E
2,32,max,2,1-1,50,2.5,150,0.992362895488739,results/rad50_sig2.5_ch32_pools2_max_stride2_skip1-1_150E
3,32,max,2,1-1-1,50,2.5,150,0.9919049971103668,results/rad50_sig2.5_ch32_pools3_max_stride2_skip1-1-1_150E
4,32,max,2,1-1-1-1,50,2.5,150,0.9923279247283936,results/rad50_sig2.5_ch32_pools4_max_stride2_skip1-1-1-1_150E
5,32,max,2,1-1-1-1-1,50,2.5,150,0.9922508945465088,results/rad50_sig2.5_ch32_pools5_max_stride2_skip1-1-1-1-1_150E
1,2,max,2,1,50,5.0,150,0.3525065689086914,results/rad50_sig5.0_ch2_pools1_max_stride2_skip1_150E
2,2,max,2,1-1,50,5.0,150,0.9834754139184952,results/rad50_sig5.0_ch2_pools2_max_stride2_skip1-1_150E
3,2,max,2,1-1-1,50,5.0,150,0.9850739595890045,results/rad50_sig5.0_ch2_pools3_max_stride2_skip1-1-1_150E
4,2,max,2,1-1-1-1,50,5.0,150,0.9896786316633226,results/rad50_sig5.0_ch2_pools4_max_stride2_skip1-1-1-1_150E
5,2,max,2,1-1-1-1-1,50,5.0,150,0.3525065689086914,results/rad50_sig5.0_ch2_pools5_max_stride2_skip1-1-1-1-1_150E
1,4,max,2,1,50,5.0,150,0.9869449115991592,results/rad50_sig5.0_ch4_pools1_max_stride2_skip1_150E
2,4,max,2,1-1,50,5.0,150,0.987396188378334,results/rad50_sig5.0_ch4_pools2_max_stride2_skip1-1_150E
3,4,max,2,1-1-1,50,5.0,150,0.9884051678180694,results/rad50_sig5.0_ch4_pools3_max_stride2_skip1-1-1_150E
4,4,max,2,1-1-1-1,50,5.0,150,0.9872212916612624,results/rad50_sig5.0_ch4_pools4_max_stride2_skip1-1-1-1_150E
5,4,max,2,1-1-1-1-1,50,5.0,150,0.9855898873806,results/rad50_sig5.0_ch4_pools5_max_stride2_skip1-1-1-1-1_150E
1,8,max,2,1,50,5.0,150,0.9886749761104584,results/rad50_sig5.0_ch8_pools1_max_stride2_skip1_150E
2,8,max,2,1-1,50,5.0,150,0.9888512793779374,results/rad50_sig5.0_ch8_pools2_max_stride2_skip1-1_150E
3,8,max,2,1-1-1,50,5.0,150,0.98936947453022,results/rad50_sig5.0_ch8_pools3_max_stride2_skip1-1-1_150E
4,8,max,2,1-1-1-1,50,5.0,150,0.9906844855546952,results/rad50_sig5.0_ch8_pools4_max_stride2_skip1-1-1-1_150E
5,8,max,2,1-1-1-1-1,50,5.0,150,0.9889472353458404,results/rad50_sig5.0_ch8_pools5_max_stride2_skip1-1-1-1-1_150E
1,16,max,2,1,50,5.0,150,0.9911275349855424,results/rad50_sig5.0_ch16_pools1_max_stride2_skip1_150E
2,16,max,2,1-1,50,5.0,150,0.992157638311386,results/rad50_sig5.0_ch16_pools2_max_stride2_skip1-1_150E
3,16,max,2,1-1-1,50,5.0,150,0.9919058215618134,results/rad50_sig5.0_ch16_pools3_max_stride2_skip1-1-1_150E
4,16,max,2,1-1-1-1,50,5.0,150,0.9910439949035644,results/rad50_sig5.0_ch16_pools4_max_stride2_skip1-1-1-1_150E
5,16,max,2,1-1-1-1-1,50,5.0,150,0.9908121173381804,results/rad50_sig5.0_ch16_pools5_max_stride2_skip1-1-1-1-1_150E
1,32,max,2,1,50,5.0,150,0.9941877785921096,results/rad50_sig5.0_ch32_pools1_max_stride2_skip1_150E
2,32,max,2,1-1,50,5.0,150,0.993660323381424,results/rad50_sig5.0_ch32_pools2_max_stride2_skip1-1_150E
3,32,max,2,1-1-1,50,5.0,150,0.9923435716629028,results/rad50_sig5.0_ch32_pools3_max_stride2_skip1-1-1_150E
4,32,max,2,1-1-1-1,50,5.0,150,0.9940575394630432,results/rad50_sig5.0_ch32_pools4_max_stride2_skip1-1-1-1_150E
5,32,max,2,1-1-1-1-1,50,5.0,150,0.9906952835321426,results/rad50_sig5.0_ch32_pools5_max_stride2_skip1-1-1-1-1_150E
1,2,max,2,1,50,7.5,150,0.9856447122097016,results/rad50_sig7.5_ch2_pools1_max_stride2_skip1_150E
2,2,max,2,1-1,50,7.5,150,0.9837451519966124,results/rad50_sig7.5_ch2_pools2_max_stride2_skip1-1_150E
3,2,max,2,1-1-1,50,7.5,150,0.9875251730680464,results/rad50_sig7.5_ch2_pools3_max_stride2_skip1-1-1_150E
4,2,max,2,1-1-1-1,50,7.5,150,0.987232383966446,results/rad50_sig7.5_ch2_pools4_max_stride2_skip1-1-1-1_150E
5,2,max,2,1-1-1-1-1,50,7.5,150,0.3527356796264648,results/rad50_sig7.5_ch2_pools5_max_stride2_skip1-1-1-1-1_150E
1,4,max,2,1,50,7.5,150,0.3527356796264648,results/rad50_sig7.5_ch4_pools1_max_stride2_skip1_150E
2,4,max,2,1-1,50,7.5,150,0.991615098118782,results/rad50_sig7.5_ch4_pools2_max_stride2_skip1-1_150E
3,4,max,2,1-1-1,50,7.5,150,0.9912762484550476,results/rad50_sig7.5_ch4_pools3_max_stride2_skip1-1-1_150E
4,4,max,2,1-1-1-1,50,7.5,150,0.9903902785778044,results/rad50_sig7.5_ch4_pools4_max_stride2_skip1-1-1-1_150E
5,4,max,2,1-1-1-1-1,50,7.5,150,0.9843918678760528,results/rad50_sig7.5_ch4_pools5_max_stride2_skip1-1-1-1-1_150E
1,8,max,2,1,50,7.5,150,0.9894196797609328,results/rad50_sig7.5_ch8_pools1_max_stride2_skip1_150E
2,8,max,2,1-1,50,7.5,150,0.9921470403671264,results/rad50_sig7.5_ch8_pools2_max_stride2_skip1-1_150E
3,8,max,2,1-1-1,50,7.5,150,0.9898514020442962,results/rad50_sig7.5_ch8_pools3_max_stride2_skip1-1-1_150E
4,8,max,2,1-1-1-1,50,7.5,150,0.9917082295417786,results/rad50_sig7.5_ch8_pools4_max_stride2_skip1-1-1-1_150E
5,8,max,2,1-1-1-1-1,50,7.5,150,0.9853117017745971,results/rad50_sig7.5_ch8_pools5_max_stride2_skip1-1-1-1-1_150E
1,16,max,2,1,50,7.5,150,0.9900635051727296,results/rad50_sig7.5_ch16_pools1_max_stride2_skip1_150E
2,16,max,2,1-1,50,7.5,150,0.993149673104286,results/rad50_sig7.5_ch16_pools2_max_stride2_skip1-1_150E
3,16,max,2,1-1-1,50,7.5,150,0.9929898089170456,results/rad50_sig7.5_ch16_pools3_max_stride2_skip1-1-1_150E
4,16,max,2,1-1-1-1,50,7.5,150,0.9911146961450576,results/rad50_sig7.5_ch16_pools4_max_stride2_skip1-1-1-1_150E
5,16,max,2,1-1-1-1-1,50,7.5,150,0.9929391614198684,results/rad50_sig7.5_ch16_pools5_max_stride2_skip1-1-1-1-1_150E
1,32,max,2,1,50,7.5,150,0.9946356508731842,results/rad50_sig7.5_ch32_pools1_max_stride2_skip1_150E
2,32,max,2,1-1,50,7.5,150,0.9948494784832,results/rad50_sig7.5_ch32_pools2_max_stride2_skip1-1_150E
3,32,max,2,1-1-1,50,7.5,150,0.9897208963632584,results/rad50_sig7.5_ch32_pools3_max_stride2_skip1-1-1_150E
4,32,max,2,1-1-1-1,50,7.5,150,0.9920188512802124,results/rad50_sig7.5_ch32_pools4_max_stride2_skip1-1-1-1_150E
5,32,max,2,1-1-1-1-1,50,7.5,150,0.9909947032928466,results/rad50_sig7.5_ch32_pools5_max_stride2_skip1-1-1-1-1_150E
1,2,max,2,1,50,10.0,150,0.3527747726440429,results/rad50_sig10.0_ch2_pools1_max_stride2_skip1_150E
2,2,max,2,1-1,50,10.0,150,0.3527747726440429,results/rad50_sig10.0_ch2_pools2_max_stride2_skip1-1_150E
3,2,max,2,1-1-1,50,10.0,150,0.9866768724918364,results/rad50_sig10.0_ch2_pools3_max_stride2_skip1-1-1_150E
4,2,max,2,1-1-1-1,50,10.0,150,0.9902259459495544,results/rad50_sig10.0_ch2_pools4_max_stride2_skip1-1-1-1_150E
5,2,max,2,1-1-1-1-1,50,10.0,150,0.9838379491567611,results/rad50_sig10.0_ch2_pools5_max_stride2_skip1-1-1-1-1_150E
1,4,max,2,1,50,10.0,150,0.9883942464590072,results/rad50_sig10.0_ch4_pools1_max_stride2_skip1_150E
2,4,max,2,1-1,50,10.0,150,0.987572888493538,results/rad50_sig10.0_ch4_pools2_max_stride2_skip1-1_150E
3,4,max,2,1-1-1,50,10.0,150,0.9915129407644272,results/rad50_sig10.0_ch4_pools3_max_stride2_skip1-1-1_150E
4,4,max,2,1-1-1-1,50,10.0,150,0.991058468580246,results/rad50_sig10.0_ch4_pools4_max_stride2_skip1-1-1-1_150E
5,4,max,2,1-1-1-1-1,50,10.0,150,0.9883429468870164,results/rad50_sig10.0_ch4_pools5_max_stride2_skip1-1-1-1-1_150E
1,8,max,2,1,50,10.0,150,0.9886052787303924,results/rad50_sig10.0_ch8_pools1_max_stride2_skip1_150E
2,8,max,2,1-1,50,10.0,150,0.9877983567714692,results/rad50_sig10.0_ch8_pools2_max_stride2_skip1-1_150E
3,8,max,2,1-1-1,50,10.0,150,0.9876348193883896,results/rad50_sig10.0_ch8_pools3_max_stride2_skip1-1-1_150E
4,8,max,2,1-1-1-1,50,10.0,150,0.992064291715622,results/rad50_sig10.0_ch8_pools4_max_stride2_skip1-1-1-1_150E
5,8,max,2,1-1-1-1-1,50,10.0,150,0.9884709037542344,results/rad50_sig10.0_ch8_pools5_max_stride2_skip1-1-1-1-1_150E
1,16,max,2,1,50,10.0,150,0.991456776022911,results/rad50_sig10.0_ch16_pools1_max_stride2_skip1_150E
2,16,max,2,1-1,50,10.0,150,0.992390561580658,results/rad50_sig10.0_ch16_pools2_max_stride2_skip1-1_150E
3,16,max,2,1-1-1,50,10.0,150,0.9940808253288268,results/rad50_sig10.0_ch16_pools3_max_stride2_skip1-1-1_150E
4,16,max,2,1-1-1-1,50,10.0,150,0.9925954381227494,results/rad50_sig10.0_ch16_pools4_max_stride2_skip1-1-1-1_150E
5,16,max,2,1-1-1-1-1,50,10.0,150,0.991852728009224,results/rad50_sig10.0_ch16_pools5_max_stride2_skip1-1-1-1-1_150E
1,32,max,2,1,50,10.0,150,0.9941727092266084,results/rad50_sig10.0_ch32_pools1_max_stride2_skip1_150E
2,32,max,2,1-1,50,10.0,150,0.9940527489185332,results/rad50_sig10.0_ch32_pools2_max_stride2_skip1-1_150E
3,32,max,2,1-1-1,50,10.0,150,0.9940812238454818,results/rad50_sig10.0_ch32_pools3_max_stride2_skip1-1-1_150E
4,32,max,2,1-1-1-1,50,10.0,150,0.9941766357421876,results/rad50_sig10.0_ch32_pools4_max_stride2_skip1-1-1-1_150E
5,32,max,2,1-1-1-1-1,50,10.0,150,0.991883963227272,results/rad50_sig10.0_ch32_pools5_max_stride2_skip1-1-1-1-1_150E
1,16,max,2,0,20,5.0,100,0.9760443094968796,results/rad20_sig5.0_ch16_pools1_max_stride2_skip0_100E
2,16,max,2,0-0,20,5.0,100,0.9823270046710968,results/rad20_sig5.0_ch16_pools2_max_stride2_skip0-0_100E
2,16,max,2,0-1,20,5.0,100,0.9823803613185884,results/rad20_sig5.0_ch16_pools2_max_stride2_skip0-1_100E
2,16,max,2,1-0,20,5.0,100,0.9771169517040252,results/rad20_sig5.0_ch16_pools2_max_stride2_skip1-0_100E
3,16,max,2,0-0-0,20,5.0,100,0.9793463683128356,results/rad20_sig5.0_ch16_pools3_max_stride2_skip0-0-0_100E
3,16,max,2,0-0-1,20,5.0,100,0.9812714079618454,results/rad20_sig5.0_ch16_pools3_max_stride2_skip0-0-1_100E
3,16,max,2,0-1-0,20,5.0,100,0.9822112491130828,results/rad20_sig5.0_ch16_pools3_max_stride2_skip0-1-0_100E
3,16,max,2,0-1-1,20,5.0,100,0.97752534198761,results/rad20_sig5.0_ch16_pools3_max_stride2_skip0-1-1_100E
3,16,max,2,1-0-0,20,5.0,100,0.9828459258079528,results/rad20_sig5.0_ch16_pools3_max_stride2_skip1-0-0_100E
3,16,max,2,1-0-1,20,5.0,100,0.9790347390174864,results/rad20_sig5.0_ch16_pools3_max_stride2_skip1-0-1_100E
3,16,max,2,1-1-0,20,5.0,100,0.9816710032224656,results/rad20_sig5.0_ch16_pools3_max_stride2_skip1-1-0_100E
4,16,max,2,0-0-0-0,20,5.0,100,0.9759384360313416,results/rad20_sig5.0_ch16_pools4_max_stride2_skip0-0-0-0_100E
4,16,max,2,0-0-0-1,20,5.0,100,0.9743191773891448,results/rad20_sig5.0_ch16_pools4_max_stride2_skip0-0-0-1_100E
4,16,max,2,0-0-1-0,20,5.0,100,0.9771839985847474,results/rad20_sig5.0_ch16_pools4_max_stride2_skip0-0-1-0_100E
4,16,max,2,0-0-1-1,20,5.0,100,0.972193798661232,results/rad20_sig5.0_ch16_pools4_max_stride2_skip0-0-1-1_100E
4,16,max,2,0-1-0-0,20,5.0,100,0.9785642541646956,results/rad20_sig5.0_ch16_pools4_max_stride2_skip0-1-0-0_100E
4,16,max,2,0-1-0-1,20,5.0,100,0.981591127038002,results/rad20_sig5.0_ch16_pools4_max_stride2_skip0-1-0-1_100E
4,16,max,2,0-1-1-0,20,5.0,100,0.9752949347496032,results/rad20_sig5.0_ch16_pools4_max_stride2_skip0-1-1-0_100E
4,16,max,2,0-1-1-1,20,5.0,100,0.965396867632866,results/rad20_sig5.0_ch16_pools4_max_stride2_skip0-1-1-1_100E
4,16,max,2,1-0-0-0,20,5.0,100,0.9774068328142166,results/rad20_sig5.0_ch16_pools4_max_stride2_skip1-0-0-0_100E
4,16,max,2,1-0-0-1,20,5.0,100,0.9795227249860764,results/rad20_sig5.0_ch16_pools4_max_stride2_skip1-0-0-1_100E
4,16,max,2,1-0-1-0,20,5.0,100,0.9824113786220552,results/rad20_sig5.0_ch16_pools4_max_stride2_skip1-0-1-0_100E
4,16,max,2,1-0-1-1,20,5.0,100,0.9741769436597824,results/rad20_sig5.0_ch16_pools4_max_stride2_skip1-0-1-1_100E
4,16,max,2,1-1-0-0,20,5.0,100,0.9808339766263962,results/rad20_sig5.0_ch16_pools4_max_stride2_skip1-1-0-0_100E
4,16,max,2,1-1-0-1,20,5.0,100,0.977307903766632,results/rad20_sig5.0_ch16_pools4_max_stride2_skip1-1-0-1_100E
4,16,max,2,1-1-1-0,20,5.0,100,0.982996287226677,results/rad20_sig5.0_ch16_pools4_max_stride2_skip1-1-1-0_100E
1,16,max,2,0,30,5.0,100,0.9832794711589814,results/rad30_sig5.0_ch16_pools1_max_stride2_skip0_100E
2,16,max,2,0-0,30,5.0,100,0.9858091588020326,results/rad30_sig5.0_ch16_pools2_max_stride2_skip0-0_100E
2,16,max,2,0-1,30,5.0,100,0.9876262266635896,results/rad30_sig5.0_ch16_pools2_max_stride2_skip0-1_100E
2,16,max,2,1-0,30,5.0,100,0.9831560038328172,results/rad30_sig5.0_ch16_pools2_max_stride2_skip1-0_100E
3,16,max,2,0-0-0,30,5.0,100,0.9848850444555282,results/rad30_sig5.0_ch16_pools3_max_stride2_skip0-0-0_100E
3,16,max,2,0-0-1,30,5.0,100,0.9877004969120028,results/rad30_sig5.0_ch16_pools3_max_stride2_skip0-0-1_100E
3,16,max,2,0-1-0,30,5.0,100,0.9824000015258788,results/rad30_sig5.0_ch16_pools3_max_stride2_skip0-1-0_100E
3,16,max,2,0-1-1,30,5.0,100,0.9867866683006288,results/rad30_sig5.0_ch16_pools3_max_stride2_skip0-1-1_100E
3,16,max,2,1-0-0,30,5.0,100,0.9841197874546052,results/rad30_sig5.0_ch16_pools3_max_stride2_skip1-0-0_100E
3,16,max,2,1-0-1,30,5.0,100,0.988062267780304,results/rad30_sig5.0_ch16_pools3_max_stride2_skip1-0-1_100E
3,16,max,2,1-1-0,30,5.0,100,0.9886337589025498,results/rad30_sig5.0_ch16_pools3_max_stride2_skip1-1-0_100E
4,16,max,2,0-0-0-0,30,5.0,100,0.9822974659204484,results/rad30_sig5.0_ch16_pools4_max_stride2_skip0-0-0-0_100E
4,16,max,2,0-0-0-1,30,5.0,100,0.985819563150406,results/rad30_sig5.0_ch16_pools4_max_stride2_skip0-0-0-1_100E
4,16,max,2,0-0-1-0,30,5.0,100,0.8474925843477249,results/rad30_sig5.0_ch16_pools4_max_stride2_skip0-0-1-0_100E
4,16,max,2,0-0-1-1,30,5.0,100,0.9854457892179488,results/rad30_sig5.0_ch16_pools4_max_stride2_skip0-0-1-1_100E
4,16,max,2,0-1-0-0,30,5.0,100,0.9837404026985168,results/rad30_sig5.0_ch16_pools4_max_stride2_skip0-1-0-0_100E
4,16,max,2,0-1-0-1,30,5.0,100,0.9864916446208954,results/rad30_sig5.0_ch16_pools4_max_stride2_skip0-1-0-1_100E
4,16,max,2,0-1-1-0,30,5.0,100,0.9865302070379258,results/rad30_sig5.0_ch16_pools4_max_stride2_skip0-1-1-0_100E
4,16,max,2,0-1-1-1,30,5.0,100,0.986998265504837,results/rad30_sig5.0_ch16_pools4_max_stride2_skip0-1-1-1_100E
4,16,max,2,1-0-0-0,30,5.0,100,0.9840908806324004,results/rad30_sig5.0_ch16_pools4_max_stride2_skip1-0-0-0_100E
4,16,max,2,1-0-0-1,30,5.0,100,0.9852617537975312,results/rad30_sig5.0_ch16_pools4_max_stride2_skip1-0-0-1_100E
4,16,max,2,1-0-1-0,30,5.0,100,0.9840161467790604,results/rad30_sig5.0_ch16_pools4_max_stride2_skip1-0-1-0_100E
4,16,max,2,1-0-1-1,30,5.0,100,0.9824738185405733,results/rad30_sig5.0_ch16_pools4_max_stride2_skip1-0-1-1_100E
4,16,max,2,1-1-0-0,30,5.0,100,0.9869311699867248,results/rad30_sig5.0_ch16_pools4_max_stride2_skip1-1-0-0_100E
4,16,max,2,1-1-0-1,30,5.0,100,0.985693644285202,results/rad30_sig5.0_ch16_pools4_max_stride2_skip1-1-0-1_100E
4,16,max,2,1-1-1-0,30,5.0,100,0.9792706723213196,results/rad30_sig5.0_ch16_pools4_max_stride2_skip1-1-1-0_100E
1,16,max,2,0,40,5.0,100,0.9857854293584823,results/rad40_sig5.0_ch16_pools1_max_stride2_skip0_100E
2,16,max,2,0-0,40,5.0,100,0.988945037007332,results/rad40_sig5.0_ch16_pools2_max_stride2_skip0-0_100E
2,16,max,2,0-1,40,5.0,100,0.9897661623954772,results/rad40_sig5.0_ch16_pools2_max_stride2_skip0-1_100E
2,16,max,2,1-0,40,5.0,100,0.9894381363391876,results/rad40_sig5.0_ch16_pools2_max_stride2_skip1-0_100E
3,16,max,2,0-0-0,40,5.0,100,0.9896903269290924,results/rad40_sig5.0_ch16_pools3_max_stride2_skip0-0-0_100E
3,16,max,2,0-0-1,40,5.0,100,0.9900130369663238,results/rad40_sig5.0_ch16_pools3_max_stride2_skip0-0-1_100E
3,16,max,2,0-1-0,40,5.0,100,0.9901050547361374,results/rad40_sig5.0_ch16_pools3_max_stride2_skip0-1-0_100E
3,16,max,2,0-1-1,40,5.0,100,0.9904086399078368,results/rad40_sig5.0_ch16_pools3_max_stride2_skip0-1-1_100E
3,16,max,2,1-0-0,40,5.0,100,0.9884362440109252,results/rad40_sig5.0_ch16_pools3_max_stride2_skip1-0-0_100E
3,16,max,2,1-0-1,40,5.0,100,0.9883894933462144,results/rad40_sig5.0_ch16_pools3_max_stride2_skip1-0-1_100E
3,16,max,2,1-1-0,40,5.0,100,0.9900375877618788,results/rad40_sig5.0_ch16_pools3_max_stride2_skip1-1-0_100E
4,16,max,2,0-0-0-0,40,5.0,100,0.9817196379899978,results/rad40_sig5.0_ch16_pools4_max_stride2_skip0-0-0-0_100E
4,16,max,2,0-0-0-1,40,5.0,100,0.987405197262764,results/rad40_sig5.0_ch16_pools4_max_stride2_skip0-0-0-1_100E
4,16,max,2,0-0-1-0,40,5.0,100,0.9899972268342973,results/rad40_sig5.0_ch16_pools4_max_stride2_skip0-0-1-0_100E
4,16,max,2,0-0-1-1,40,5.0,100,0.9880406302213668,results/rad40_sig5.0_ch16_pools4_max_stride2_skip0-0-1-1_100E
4,16,max,2,0-1-0-0,40,5.0,100,0.990109807729721,results/rad40_sig5.0_ch16_pools4_max_stride2_skip0-1-0-0_100E
4,16,max,2,0-1-0-1,40,5.0,100,0.9889454985857008,results/rad40_sig5.0_ch16_pools4_max_stride2_skip0-1-0-1_100E
4,16,max,2,0-1-1-0,40,5.0,100,0.9896355580091476,results/rad40_sig5.0_ch16_pools4_max_stride2_skip0-1-1-0_100E
4,16,max,2,0-1-1-1,40,5.0,100,0.9898734285831452,results/rad40_sig5.0_ch16_pools4_max_stride2_skip0-1-1-1_100E
4,16,max,2,1-0-0-0,40,5.0,100,0.9862268170118332,results/rad40_sig5.0_ch16_pools4_max_stride2_skip1-0-0-0_100E
4,16,max,2,1-0-0-1,40,5.0,100,0.9889381881952286,results/rad40_sig5.0_ch16_pools4_max_stride2_skip1-0-0-1_100E
4,16,max,2,1-0-1-0,40,5.0,100,0.9897612608671188,results/rad40_sig5.0_ch16_pools4_max_stride2_skip1-0-1-0_100E
4,16,max,2,1-0-1-1,40,5.0,100,0.9904070658683776,results/rad40_sig5.0_ch16_pools4_max_stride2_skip1-0-1-1_100E
4,16,max,2,1-1-0-0,40,5.0,100,0.9879113174676896,results/rad40_sig5.0_ch16_pools4_max_stride2_skip1-1-0-0_100E
4,16,max,2,1-1-0-1,40,5.0,100,0.9828701890707016,results/rad40_sig5.0_ch16_pools4_max_stride2_skip1-1-0-1_100E
4,16,max,2,1-1-1-0,40,5.0,100,0.9906043965816498,results/rad40_sig5.0_ch16_pools4_max_stride2_skip1-1-1-0_100E
1,16,max,2,0,50,5.0,100,0.989392700791359,results/rad50_sig5.0_ch16_pools1_max_stride2_skip0_100E
2,16,max,2,0-0,50,5.0,100,0.9923831114768982,results/rad50_sig5.0_ch16_pools2_max_stride2_skip0-0_100E
2,16,max,2,0-1,50,5.0,100,0.9907576469182968,results/rad50_sig5.0_ch16_pools2_max_stride2_skip0-1_100E
2,16,max,2,1-0,50,5.0,100,0.9893818197250366,results/rad50_sig5.0_ch16_pools2_max_stride2_skip1-0_100E
3,16,max,2,0-0-0,50,5.0,100,0.9891944762468338,results/rad50_sig5.0_ch16_pools3_max_stride2_skip0-0-0_100E
3,16,max,2,0-0-1,50,5.0,100,0.9913578981161116,results/rad50_sig5.0_ch16_pools3_max_stride2_skip0-0-1_100E
3,16,max,2,0-1-0,50,5.0,100,0.9890104118585584,results/rad50_sig5.0_ch16_pools3_max_stride2_skip0-1-0_100E
3,16,max,2,0-1-1,50,5.0,100,0.9920809577703475,results/rad50_sig5.0_ch16_pools3_max_stride2_skip0-1-1_100E
3,16,max,2,1-0-0,50,5.0,100,0.990725802063942,results/rad50_sig5.0_ch16_pools3_max_stride2_skip1-0-0_100E
3,16,max,2,1-0-1,50,5.0,100,0.9918468683958052,results/rad50_sig5.0_ch16_pools3_max_stride2_skip1-0-1_100E
3,16,max,2,1-1-0,50,5.0,100,0.9915722130537032,results/rad50_sig5.0_ch16_pools3_max_stride2_skip1-1-0_100E
4,16,max,2,0-0-0-0,50,5.0,100,0.7652070688009263,results/rad50_sig5.0_ch16_pools4_max_stride2_skip0-0-0-0_100E
4,16,max,2,0-0-0-1,50,5.0,100,0.9905259231328964,results/rad50_sig5.0_ch16_pools4_max_stride2_skip0-0-0-1_100E
4,16,max,2,0-0-1-0,50,5.0,100,0.991424981713295,results/rad50_sig5.0_ch16_pools4_max_stride2_skip0-0-1-0_100E
4,16,max,2,0-0-1-1,50,5.0,100,0.991432844042778,results/rad50_sig5.0_ch16_pools4_max_stride2_skip0-0-1-1_100E
4,16,max,2,0-1-0-0,50,5.0,100,0.9921120992898942,results/rad50_sig5.0_ch16_pools4_max_stride2_skip0-1-0-0_100E
4,16,max,2,0-1-0-1,50,5.0,100,0.9907441264390946,results/rad50_sig5.0_ch16_pools4_max_stride2_skip0-1-0-1_100E
4,16,max,2,0-1-1-0,50,5.0,100,0.991801353931427,results/rad50_sig5.0_ch16_pools4_max_stride2_skip0-1-1-0_100E
4,16,max,2,0-1-1-1,50,5.0,100,0.9915080592632294,results/rad50_sig5.0_ch16_pools4_max_stride2_skip0-1-1-1_100E
4,16,max,2,1-0-0-0,50,5.0,100,0.9908793432712556,results/rad50_sig5.0_ch16_pools4_max_stride2_skip1-0-0-0_100E
4,16,max,2,1-0-0-1,50,5.0,100,0.9885575579404832,results/rad50_sig5.0_ch16_pools4_max_stride2_skip1-0-0-1_100E
4,16,max,2,1-0-1-0,50,5.0,100,0.99180652821064,results/rad50_sig5.0_ch16_pools4_max_stride2_skip1-0-1-0_100E
4,16,max,2,1-0-1-1,50,5.0,100,0.9910981553792956,results/rad50_sig5.0_ch16_pools4_max_stride2_skip1-0-1-1_100E
4,16,max,2,1-1-0-0,50,5.0,100,0.9901632592678072,results/rad50_sig5.0_ch16_pools4_max_stride2_skip1-1-0-0_100E
4,16,max,2,1-1-0-1,50,5.0,100,0.9906361721754072,results/rad50_sig5.0_ch16_pools4_max_stride2_skip1-1-0-1_100E
4,16,max,2,1-1-1-0,50,5.0,100,0.9914768036603927,results/rad50_sig5.0_ch16_pools4_max_stride2_skip1-1-1-0_100E
